Precision,Recall
0.3944223107569721,1.0
0.39461883408071746,1.0
0.3948155533399801,1.0
0.3950124688279302,1.0
0.39520958083832336,1.0
0.39540688966550175,1.0
0.3956043956043956,1.0
0.39580209895052476,1.0
0.396,1.0
0.39619809904952474,1.0
0.3963963963963964,1.0
0.39659489233850775,1.0
0.3967935871743487,1.0
0.3969924812030075,1.0
0.3971915747241725,1.0
0.39739086803813345,1.0
0.39759036144578314,1.0
0.39779005524861877,1.0
0.39798994974874374,1.0
0.39819004524886875,1.0
0.3983903420523139,1.0
0.3985908404630096,1.0
0.3987915407854985,1.0
0.39899244332493705,1.0
0.39919354838709675,1.0
0.39939485627836613,1.0
0.39959636730575177,1.0
0.39979808177688037,1.0
0.4,1.0
0.40020212228398183,1.0
0.40040444893832156,1.0
0.4006069802731411,1.0
0.4008097165991903,1.0
0.4010126582278481,1.0
0.4012158054711246,1.0
0.40141915864166244,1.0
0.40162271805273836,1.0
0.4018264840182648,1.0
0.4020304568527919,1.0
0.4022346368715084,1.0
0.4024390243902439,1.0
0.40264361972547025,1.0
0.40284842319430314,1.0
0.4030534351145038,1.0
0.40325865580448067,1.0
0.4034640855832909,1.0
0.4036697247706422,1.0
0.4038755736868944,1.0
0.40408163265306124,1.0
0.40428790199081166,1.0
0.4044943820224719,1.0
0.4047010730710271,1.0
0.4049079754601227,1.0
0.4051150895140665,1.0
0.4053224155578301,1.0
0.4055299539170507,1.0
0.4057377049180328,1.0
0.40594566888774986,1.0
0.40615384615384614,1.0
0.40636223704463825,1.0
0.406570841889117,1.0
0.4067796610169492,1.0
0.40698869475847893,1.0
0.4071979434447301,1.0
0.4074074074074074,1.0
0.4076170869788986,1.0
0.407826982492276,1.0
0.4080370942812983,1.0
0.40824742268041236,1.0
0.40845796802475504,1.0
0.4086687306501548,1.0
0.4088797108931337,1.0
0.4090909090909091,1.0
0.40930232558139534,1.0
0.4095139607032058,1.0
0.4097258147956544,1.0
0.40993788819875776,1.0
0.41015018125323666,1.0
0.41036269430051814,1.0
0.4105754276827372,1.0
0.4107883817427386,1.0
0.4110015568240789,1.0
0.411214953271028,1.0
0.4114285714285714,1.0
0.41164241164241167,1.0
0.4118564742589704,1.0
0.4120707596253902,1.0
0.4122852680895367,1.0
0.4125,1.0
0.41271495570609695,1.0
0.4129301355578728,1.0
0.4131455399061033,1.0
0.4133611691022965,1.0
0.4135770234986945,1.0
0.41327063740856845,0.9987373737373737
0.41348667015159435,0.9987373737373737
0.41370292887029286,0.9987373737373737
0.4139194139194139,0.9987373737373737
0.41413612565445024,0.9987373737373737
0.4143530644316396,0.9987373737373737
0.41457023060796644,0.9987373737373737
0.41478762454116413,0.9987373737373737
0.41500524658971666,0.9987373737373737
0.4152230971128609,0.9987373737373737
0.41544117647058826,0.9987373737373737
0.41565948502364686,0.9987373737373737
0.41587802313354366,0.9987373737373737
0.41609679116254605,0.9987373737373737
0.4163157894736842,0.9987373737373737
0.416535018430753,0.9987373737373737
0.41675447839831403,0.9987373737373737
0.41697416974169743,0.9987373737373737
0.4171940928270042,0.9987373737373737
0.41741424802110816,0.9987373737373737
0.4176346356916579,0.9987373737373737
0.4178552562070787,0.9987373737373737
0.41807610993657507,0.9987373737373737
0.4182971972501322,0.9987373737373737
0.4185185185185185,0.9987373737373737
0.41874007411328745,0.9987373737373737
0.4189618644067797,0.9987373737373737
0.41918388977212506,0.9987373737373737
0.419406150583245,0.9987373737373737
0.4196286472148541,0.9987373737373737
0.41985138004246286,0.9987373737373737
0.4200743494423792,0.9987373737373737
0.42029755579171096,0.9987373737373737
0.4205209994683679,0.9987373737373737
0.4207446808510638,0.9987373737373737
0.42096860031931876,0.9987373737373737
0.42119275825346114,0.9987373737373737
0.42141715503462973,0.9987373737373737
0.4216417910447761,0.9987373737373737
0.42186666666666667,0.9987373737373737
0.4220917822838847,0.9987373737373737
0.4223171382808329,0.9987373737373737
0.42254273504273504,0.9987373737373737
0.4227685729556387,0.9987373737373737
0.4229946524064171,0.9987373737373737
0.4232209737827715,0.9987373737373737
0.4234475374732334,0.9987373737373737
0.42367434386716657,0.9987373737373737
0.42390139335476956,0.9987373737373737
0.42412868632707773,0.9987373737373737
0.42435622317596566,0.9987373737373737
0.4245840042941492,0.9987373737373737
0.424812030075188,0.9987373737373737
0.4250403009134874,0.9987373737373737
0.4252688172043011,0.9987373737373737
0.42549757934373317,0.9987373737373737
0.42572658772874056,0.9987373737373737
0.42595584275713516,0.9987373737373737
0.4261853448275862,0.9987373737373737
0.42641509433962266,0.9987373737373737
0.4266450916936354,0.9987373737373737
0.4268753372908797,0.9987373737373737
0.4271058315334773,0.9987373737373737
0.4273365748244192,0.9987373737373737
0.4275675675675676,0.9987373737373737
0.4277988101676582,0.9987373737373737
0.42803030303030304,0.9987373737373737
0.4282620465619924,0.9987373737373737
0.4284940411700975,0.9987373737373737
0.42872628726287265,0.9987373737373737
0.4289587852494577,0.9987373737373737
0.42919153553988065,0.9987373737373737
0.42942453854505974,0.9987373737373737
0.4296577946768061,0.9987373737373737
0.4298913043478261,0.9987373737373737
0.4301250679717238,0.9987373737373737
0.43035908596300326,0.9987373737373737
0.43059335873707133,0.9987373737373737
0.43082788671023964,0.9987373737373737
0.4310626702997275,0.9987373737373737
0.4312977099236641,0.9987373737373737
0.4315330060010911,0.9987373737373737
0.4317685589519651,0.9987373737373737
0.43200436919716,0.9987373737373737
0.43224043715846994,0.9987373737373737
0.4324767632586113,0.9987373737373737
0.4327133479212254,0.9987373737373737
0.4329501915708812,0.9987373737373737
0.43318729463307776,0.9987373737373737
0.4334246575342466,0.9987373737373737
0.4336622807017544,0.9987373737373737
0.4339001645639057,0.9987373737373737
0.4341383095499451,0.9987373737373737
0.4343767160900604,0.9987373737373737
0.4346153846153846,0.9987373737373737
0.4348543155579989,0.9987373737373737
0.4350935093509351,0.9987373737373737
0.4353329664281783,0.9987373737373737
0.43557268722466963,0.9987373737373737
0.43581267217630854,0.9987373737373737
0.4360529217199559,0.9987373737373737
0.4362934362934363,0.9987373737373737
0.43653421633554085,0.9987373737373737
0.4367752622860298,0.9987373737373737
0.43701657458563536,0.9987373737373737
0.43725815367606413,0.9987373737373737
0.4375,0.9987373737373737
0.4377421140011068,0.9987373737373737
0.437984496124031,0.9987373737373737
0.43822714681440444,0.9987373737373737
0.438470066518847,0.9987373737373737
0.4387132556849695,0.9987373737373737
0.43895671476137627,0.9987373737373737
0.43920044419766796,0.9987373737373737
0.43944444444444447,0.9987373737373737
0.4396887159533074,0.9987373737373737
0.43993325917686316,0.9987373737373737
0.44017807456872565,0.9987373737373737
0.44042316258351893,0.9987373737373737
0.4406685236768802,0.9987373737373737
0.44091415830546266,0.9987373737373737
0.4411600669269381,0.9987373737373737
0.44140625,0.9987373737373737
0.4416527079843663,0.9987373737373737
0.44189944134078213,0.9987373737373737
0.4421464505310229,0.9987373737373737
0.4423937360178971,0.9987373737373737
0.442641298265249,0.9987373737373737
0.4428891377379619,0.9987373737373737
0.44313725490196076,0.9987373737373737
0.4433856502242152,0.9987373737373737
0.44363432417274257,0.9987373737373737
0.44388327721661053,0.9987373737373737
0.4441325098259405,0.9987373737373737
0.4443820224719101,0.9987373737373737
0.44463181562675663,0.9987373737373737
0.4448818897637795,0.9987373737373737
0.44513224535734386,0.9987373737373737
0.44538288288288286,0.9987373737373737
0.4456338028169014,0.9987373737373737
0.4458850056369786,0.9987373737373737
0.446136491821771,0.9987373737373737
0.4463882618510158,0.9987373737373737
0.44664031620553357,0.9987373737373737
0.44689265536723166,0.9987373737373737
0.44714527981910684,0.9987373737373737
0.4473981900452489,0.9987373737373737
0.44765138653084324,0.9987373737373737
0.4479048697621744,0.9987373737373737
0.4481586402266289,0.9987373737373737
0.44841269841269843,0.9987373737373737
0.448667044809983,0.9987373737373737
0.44892167990919407,0.9987373737373737
0.4491766042021579,0.9987373737373737
0.44943181818181815,0.9987373737373737
0.4496873223422399,0.9987373737373737
0.4499431171786121,0.9987373737373737
0.450199203187251,0.9987373737373737
0.45045558086560367,0.9987373737373737
0.45071225071225074,0.9987373737373737
0.4509692132269099,0.9987373737373737
0.45122646891043927,0.9987373737373737
0.4514840182648402,0.9987373737373737
0.451741861793261,0.9987373737373737
0.452,0.9987373737373737
0.45225843339050886,0.9987373737373737
0.4525171624713959,0.9987373737373737
0.4527761877504293,0.9987373737373737
0.45303550973654066,0.9987373737373737
0.4532951289398281,0.9987373737373737
0.45355504587155965,0.9987373737373737
0.4538152610441767,0.9987373737373737
0.45407577497129736,0.9987373737373737
0.4543365881677197,0.9987373737373737
0.45459770114942527,0.9987373737373737
0.4548591144335825,0.9987373737373737
0.45512082853855007,0.9987373737373737
0.45538284398388024,0.9987373737373737
0.45564516129032256,0.9987373737373737
0.4559077809798271,0.9987373737373737
0.45617070357554784,0.9987373737373737
0.45643392960184653,0.9987373737373737
0.45669745958429564,0.9987373737373737
0.4569612940496823,0.9987373737373737
0.4572254335260116,0.9987373737373737
0.4574898785425101,0.9987373737373737
0.45775462962962965,0.9987373737373737
0.45801968731905035,0.9987373737373737
0.4582850521436848,0.9987373737373737
0.45855072463768115,0.9987373737373737
0.45881670533642693,0.9987373737373737
0.4590829947765525,0.9987373737373737
0.45934959349593496,0.9987373737373737
0.45961650203370136,0.9987373737373737
0.45988372093023255,0.9987373737373737
0.46015125072716695,0.9987373737373737
0.46041909196740394,0.9987373737373737
0.46068724519510773,0.9987373737373737
0.460955710955711,0.9987373737373737
0.46122448979591835,0.9987373737373737
0.4614935822637106,0.9987373737373737
0.46176298890834794,0.9987373737373737
0.46203271028037385,0.9987373737373737
0.46230274693161894,0.9987373737373737
0.4625730994152047,0.9987373737373737
0.46284376828554713,0.9987373737373737
0.46311475409836067,0.9987373737373737
0.46338605741066197,0.9987373737373737
0.46365767878077374,0.9987373737373737
0.46392961876832844,0.9987373737373737
0.4642018779342723,0.9987373737373737
0.4644744568408691,0.9987373737373737
0.46474735605170386,0.9987373737373737
0.46502057613168724,0.9987373737373737
0.4652941176470588,0.9987373737373737
0.4655679811653914,0.9987373737373737
0.4658421672555948,0.9987373737373737
0.4661166764879199,0.9987373737373737
0.46639150943396224,0.9987373737373737
0.4666666666666667,0.9987373737373737
0.4669421487603306,0.9987373737373737
0.46721795629060836,0.9987373737373737
0.46749408983451535,0.9987373737373737
0.4677705499704317,0.9987373737373737
0.4680473372781065,0.9987373737373737
0.46832445233866193,0.9987373737373737
0.46860189573459715,0.9987373737373737
0.46887966804979253,0.9987373737373737
0.46915776986951363,0.9987373737373737
0.46943620178041545,0.9987373737373737
0.4691211401425178,0.9974747474747475
0.46939988116458703,0.9974747474747475
0.469678953626635,0.9974747474747475
0.46995835812016656,0.9974747474747475
0.47023809523809523,0.9974747474747475
0.47051816557474685,0.9974747474747475
0.47079856972586415,0.9974747474747475
0.4710793082886106,0.9974747474747475
0.4713603818615752,0.9974747474747475
0.4716417910447761,0.9974747474747475
0.47192353643966545,0.9974747474747475
0.4722056186491333,0.9974747474747475
0.47248803827751196,0.9974747474747475
0.47277079593058047,0.9974747474747475
0.47305389221556887,0.9974747474747475
0.4733373277411624,0.9974747474747475
0.473621103117506,0.9974747474747475
0.47390521895620874,0.9974747474747475
0.47418967587034816,0.9974747474747475
0.4744744744744745,0.9974747474747475
0.47475961538461536,0.9974747474747475
0.4750450992182802,0.9974747474747475
0.4753309265944645,0.9974747474747475
0.47561709813365444,0.9974747474747475
0.4759036144578313,0.9974747474747475
0.47619047619047616,0.9974747474747475
0.4764776839565742,0.9974747474747475
0.4767652383826192,0.9974747474747475
0.47705314009661837,0.9974747474747475
0.4773413897280967,0.9974747474747475
0.47762998790810157,0.9974747474747475
0.4779189352692075,0.9974747474747475
0.4782082324455206,0.9974747474747475
0.4781818181818182,0.9962121212121212
0.47847180109157067,0.9962121212121212
0.4787621359223301,0.9962121212121212
0.4790528233151184,0.9962121212121212
0.4793438639125152,0.9962121212121212
0.4796352583586626,0.9962121212121212
0.47992700729927007,0.9962121212121212
0.480219111381619,0.9962121212121212
0.4805115712545676,0.9962121212121212
0.48080438756855576,0.9962121212121212
0.48109756097560974,0.9962121212121212
0.48139109212934716,0.9962121212121212
0.4816849816849817,0.9962121212121212
0.48197923029932804,0.9962121212121212
0.48227383863080686,0.9962121212121212
0.48256880733944957,0.9962121212121212
0.4828641370869033,0.9962121212121212
0.483159828536436,0.9962121212121212
0.4834558823529412,0.9962121212121212
0.483752299202943,0.9962121212121212
0.4840490797546012,0.9962121212121212
0.4843462246777164,0.9962121212121212
0.48464373464373467,0.9962121212121212
0.4849416103257529,0.9962121212121212
0.48523985239852396,0.9962121212121212
0.48553846153846153,0.9962121212121212
0.4858374384236453,0.9962121212121212
0.48613678373382624,0.9962121212121212
0.48643649815043155,0.9962121212121212
0.48673658235657,0.9962121212121212
0.48703703703703705,0.9962121212121212
0.4873378628783199,0.9962121212121212
0.48763906056860323,0.9962121212121212
0.48794063079777367,0.9962121212121212
0.48824257425742573,0.9962121212121212
0.4885448916408669,0.9962121212121212
0.4888475836431227,0.9962121212121212
0.48915065096094235,0.9962121212121212
0.48945409429280395,0.9962121212121212
0.4897579143389199,0.9962121212121212
0.49006211180124226,0.9962121212121212
0.490366687383468,0.9962121212121212
0.4906716417910448,0.9962121212121212
0.4909769757311761,0.9962121212121212
0.4912826899128269,0.9962121212121212
0.491588785046729,0.9962121212121212
0.4918952618453865,0.9962121212121212
0.4922021210230817,0.9962121212121212
0.49250936329588013,0.9962121212121212
0.4928169893816365,0.9962121212121212
0.493125,0.9962121212121212
0.49343339587242024,0.9962121212121212
0.4937421777221527,0.9962121212121212
0.493425172197871,0.9949494949494949
0.49373433583959897,0.9949494949494949
0.49404388714733544,0.9949494949494949
0.49435382685069007,0.9949494949494949
0.49466415568110483,0.9949494949494949
0.4949748743718593,0.9949494949494949
0.4952859836580767,0.9949494949494949
0.49559748427672956,0.9949494949494949
0.49590937696664567,0.9949494949494949
0.49622166246851385,0.9949494949494949
0.49653434152488973,0.9949494949494949
0.4968474148802018,0.9949494949494949
0.4971608832807571,0.9949494949494949
0.49747474747474746,0.9949494949494949
0.4977890082122552,0.9949494949494949
0.49810366624525915,0.9949494949494949
0.49841872232764073,0.9949494949494949
0.49873417721518987,0.9949494949494949
0.4990500316656111,0.9949494949494949
0.49936628643852976,0.9949494949494949
0.49968294229549776,0.9949494949494949
0.5,0.9949494949494949
0.5003174603174603,0.9949494949494949
0.5006353240152478,0.9949494949494949
0.5009535918626827,0.9949494949494949
0.5012722646310432,0.9949494949494949
0.501591343093571,0.9949494949494949
0.5019108280254777,0.9949494949494949
0.5022307202039515,0.9949494949494949
0.5025510204081632,0.9949494949494949
0.5028717294192725,0.9949494949494949
0.5031928480204342,0.9949494949494949
0.5035143769968051,0.9949494949494949
0.5038363171355499,0.9949494949494949
0.5041586692258477,0.9949494949494949
0.5044814340588989,0.9949494949494949
0.5048046124279308,0.9949494949494949
0.5051282051282051,0.9949494949494949
0.5054522129570237,0.9949494949494949
0.5057766367137355,0.9949494949494949
0.5061014771997431,0.9949494949494949
0.506426735218509,0.9949494949494949
0.5067524115755627,0.9949494949494949
0.5070785070785071,0.9949494949494949
0.5074050225370251,0.9949494949494949
0.5077319587628866,0.9949494949494949
0.5080593165699548,0.9949494949494949
0.5083870967741936,0.9949494949494949
0.5087153001936734,0.9949494949494949
0.5090439276485789,0.9949494949494949
0.5093729799612152,0.9949494949494949
0.5097024579560155,0.9949494949494949
0.510032362459547,0.9949494949494949
0.5103626943005182,0.9949494949494949
0.5106934543097861,0.9949494949494949
0.5110246433203631,0.9949494949494949
0.5113562621674238,0.9949494949494949
0.5116883116883116,0.9949494949494949
0.5120207927225471,0.9949494949494949
0.5123537061118335,0.9949494949494949
0.5126870527000651,0.9949494949494949
0.5130208333333334,0.9949494949494949
0.5133550488599349,0.9949494949494949
0.5136897001303781,0.9949494949494949
0.5140247879973907,0.9949494949494949
0.5143603133159269,0.9949494949494949
0.5146962769431744,0.9949494949494949
0.515032679738562,0.9949494949494949
0.5153695225637671,0.9949494949494949
0.5157068062827225,0.9949494949494949
0.5160445317616241,0.9949494949494949
0.5163826998689384,0.9949494949494949
0.5167213114754098,0.9949494949494949
0.5170603674540682,0.9949494949494949
0.5173998686802364,0.9949494949494949
0.5177398160315374,0.9949494949494949
0.5180802103879028,0.9949494949494949
0.5184210526315789,0.9949494949494949
0.5187623436471362,0.9949494949494949
0.5191040843214756,0.9949494949494949
0.5194462755438365,0.9949494949494949
0.5197889182058048,0.9949494949494949
0.5201320132013202,0.9949494949494949
0.5204755614266843,0.9949494949494949
0.5208195637805684,0.9949494949494949
0.5211640211640212,0.9949494949494949
0.5215089344804765,0.9949494949494949
0.5218543046357615,0.9949494949494949
0.5222001325381047,0.9949494949494949
0.5225464190981433,0.9949494949494949
0.5228931652289317,0.9949494949494949
0.5232403718459495,0.9949494949494949
0.5235880398671097,0.9949494949494949
0.523936170212766,0.9949494949494949
0.5242847638057219,0.9949494949494949
0.5246338215712384,0.9949494949494949
0.524983344437042,0.9949494949494949
0.5253333333333333,0.9949494949494949
0.5256837891927952,0.9949494949494949
0.5260347129506008,0.9949494949494949
0.5263861055444222,0.9949494949494949
0.5267379679144385,0.9949494949494949
0.5270903010033445,0.9949494949494949
0.5274431057563588,0.9949494949494949
0.5277963831212324,0.9949494949494949
0.5281501340482574,0.9949494949494949
0.528504359490275,0.9949494949494949
0.5288590604026846,0.9949494949494949
0.529214237743452,0.9949494949494949
0.5295698924731183,0.9949494949494949
0.5299260255548084,0.9949494949494949
0.5302826379542396,0.9949494949494949
0.5306397306397307,0.9949494949494949
0.5309973045822103,0.9949494949494949
0.5313553607552259,0.9949494949494949
0.5317139001349528,0.9949494949494949
0.5320729237002025,0.9949494949494949
0.5324324324324324,0.9949494949494949
0.5327924273157539,0.9949494949494949
0.5331529093369418,0.9949494949494949
0.5335138794854435,0.9949494949494949
0.5338753387533876,0.9949494949494949
0.5342372881355932,0.9949494949494949
0.5345997286295794,0.9949494949494949
0.5349626612355737,0.9949494949494949
0.5353260869565217,0.9949494949494949
0.5356900067980965,0.9949494949494949
0.5360544217687074,0.9949494949494949
0.5364193328795098,0.9949494949494949
0.5367847411444142,0.9949494949494949
0.5371506475800955,0.9949494949494949
0.5375170532060027,0.9949494949494949
0.5378839590443686,0.9949494949494949
0.5382513661202186,0.9949494949494949
0.5386192754613808,0.9949494949494949
0.5389876880984952,0.9949494949494949
0.5393566050650239,0.9949494949494949
0.5397260273972603,0.9949494949494949
0.5400959561343386,0.9949494949494949
0.5404663923182441,0.9949494949494949
0.540837336993823,0.9949494949494949
0.5412087912087912,0.9949494949494949
0.5415807560137457,0.9949494949494949
0.5419532324621733,0.9949494949494949
0.5423262216104611,0.9949494949494949
0.5426997245179064,0.9949494949494949
0.5430737422467264,0.9949494949494949
0.543448275862069,0.9949494949494949
0.5438233264320221,0.9949494949494949
0.5441988950276243,0.9949494949494949
0.544574982722875,0.9949494949494949
0.5449515905947441,0.9949494949494949
0.5453287197231834,0.9949494949494949
0.5457063711911357,0.9949494949494949
0.546084546084546,0.9949494949494949
0.5464632454923717,0.9949494949494949
0.5468424705065926,0.9949494949494949
0.5472222222222223,0.9949494949494949
0.5476025017373176,0.9949494949494949
0.5479833101529903,0.9949494949494949
0.5483646485734168,0.9949494949494949
0.5487465181058496,0.9949494949494949
0.5491289198606272,0.9949494949494949
0.5495118549511855,0.9949494949494949
0.5498953244940684,0.9949494949494949
0.5502793296089385,0.9949494949494949
0.5506638714185884,0.9949494949494949
0.551048951048951,0.9949494949494949
0.5514345696291113,0.9949494949494949
0.5518207282913166,0.9949494949494949
0.5522074281709881,0.9949494949494949
0.5525946704067322,0.9949494949494949
0.5529824561403509,0.9949494949494949
0.5533707865168539,0.9949494949494949
0.5537596626844694,0.9949494949494949
0.5541490857946554,0.9949494949494949
0.5545390570021111,0.9949494949494949
0.5549295774647888,0.9949494949494949
0.5553206483439042,0.9949494949494949
0.5557122708039492,0.9949494949494949
0.5561044460127029,0.9949494949494949
0.556497175141243,0.9949494949494949
0.5568904593639576,0.9949494949494949
0.5572842998585573,0.9949494949494949
0.5576786978060864,0.9949494949494949
0.5580736543909348,0.9949494949494949
0.5584691708008505,0.9949494949494949
0.5588652482269504,0.9949494949494949
0.5592618878637331,0.9949494949494949
0.5596590909090909,0.9949494949494949
0.5600568585643213,0.9949494949494949
0.5604551920341394,0.9949494949494949
0.5608540925266904,0.9949494949494949
0.5612535612535613,0.9949494949494949
0.5616535994297933,0.9949494949494949
0.5620542082738944,0.9949494949494949
0.5624553890078515,0.9949494949494949
0.5628571428571428,0.9949494949494949
0.5632594710507506,0.9949494949494949
0.5636623748211731,0.9949494949494949
0.5640658554044381,0.9949494949494949
0.5644699140401146,0.9949494949494949
0.5648745519713262,0.9949494949494949
0.5652797704447633,0.9949494949494949
0.5656855707106964,0.9949494949494949
0.5660919540229885,0.9949494949494949
0.5664989216391085,0.9949494949494949
0.5669064748201439,0.9949494949494949
0.5673146148308136,0.9949494949494949
0.5677233429394812,0.9949494949494949
0.5681326604181687,0.9949494949494949
0.5685425685425686,0.9949494949494949
0.5689530685920577,0.9949494949494949
0.569364161849711,0.9949494949494949
0.5697758496023138,0.9949494949494949
0.5701881331403763,0.9949494949494949
0.5706010137581463,0.9949494949494949
0.5710144927536231,0.9949494949494949
0.5714285714285714,0.9949494949494949
0.5718432510885341,0.9949494949494949
0.5722585330428468,0.9949494949494949
0.5726744186046512,0.9949494949494949
0.5730909090909091,0.9949494949494949
0.5735080058224163,0.9949494949494949
0.5739257101238164,0.9949494949494949
0.5743440233236151,0.9949494949494949
0.574762946754194,0.9949494949494949
0.5751824817518248,0.9949494949494949
0.5756026296566837,0.9949494949494949
0.5760233918128655,0.9949494949494949
0.576444769568398,0.9949494949494949
0.5768667642752562,0.9949494949494949
0.5772893772893772,0.9949494949494949
0.5777126099706745,0.9949494949494949
0.578136463683052,0.9949494949494949
0.57856093979442,0.9949494949494949
0.5789860396767083,0.9949494949494949
0.5794117647058824,0.9949494949494949
0.5798381162619574,0.9949494949494949
0.5802650957290133,0.9949494949494949
0.58069270449521,0.9949494949494949
0.5811209439528023,0.9949494949494949
0.581549815498155,0.9949494949494949
0.5819793205317577,0.9949494949494949
0.5824094604582409,0.9949494949494949
0.5828402366863905,0.9949494949494949
0.5832716506291635,0.9949494949494949
0.5837037037037037,0.9949494949494949
0.5841363973313566,0.9949494949494949
0.5845697329376854,0.9949494949494949
0.585003711952487,0.9949494949494949
0.5854383358098069,0.9949494949494949
0.5858736059479553,0.9949494949494949
0.5863095238095238,0.9949494949494949
0.5867460908413998,0.9949494949494949
0.587183308494784,0.9949494949494949
0.5876211782252051,0.9949494949494949
0.5880597014925373,0.9949494949494949
0.5884988797610157,0.9949494949494949
0.5889387144992526,0.9949494949494949
0.5893792071802543,0.9949494949494949
0.5898203592814372,0.9949494949494949
0.5902621722846442,0.9949494949494949
0.5907046476761619,0.9949494949494949
0.5911477869467366,0.9949494949494949
0.5915915915915916,0.9949494949494949
0.5920360631104433,0.9949494949494949
0.5924812030075188,0.9949494949494949
0.5929270127915726,0.9949494949494949
0.5933734939759037,0.9949494949494949
0.5938206480783723,0.9949494949494949
0.5942684766214178,0.9949494949494949
0.5947169811320755,0.9949494949494949
0.595166163141994,0.9949494949494949
0.5948601662887377,0.9936868686868687
0.5953101361573374,0.9936868686868687
0.5957607872823618,0.9936868686868687
0.5962121212121212,0.9936868686868687
0.5966641394996209,0.9936868686868687
0.5971168437025797,0.9936868686868687
0.5975702353834472,0.9936868686868687
0.5980243161094225,0.9936868686868687
0.5984790874524715,0.9936868686868687
0.5989345509893456,0.9936868686868687
0.5993907083015994,0.9936868686868687
0.5998475609756098,0.9936868686868687
0.6003051106025934,0.9936868686868687
0.600763358778626,0.9936868686868687
0.6012223071046601,0.9936868686868687
0.6016819571865444,0.9936868686868687
0.6021423106350421,0.9936868686868687
0.6026033690658499,0.9936868686868687
0.6030651340996168,0.9936868686868687
0.6035276073619632,0.9936868686868687
0.6039907904834996,0.9936868686868687
0.6044546850998463,0.9936868686868687
0.6049192928516526,0.9936868686868687
0.6053846153846154,0.9936868686868687
0.6058506543494996,0.9936868686868687
0.6063174114021571,0.9936868686868687
0.6067848882035466,0.9936868686868687
0.6072530864197531,0.9936868686868687
0.6077220077220077,0.9936868686868687
0.6081916537867079,0.9936868686868687
0.608662026295437,0.9936868686868687
0.6091331269349846,0.9936868686868687
0.6096049573973664,0.9936868686868687
0.610077519379845,0.9936868686868687
0.6105508145849495,0.9936868686868687
0.6110248447204969,0.9936868686868687
0.6114996114996115,0.9936868686868687
0.6119751166407466,0.9936868686868687
0.6124513618677043,0.9936868686868687
0.6129283489096573,0.9936868686868687
0.6134060795011691,0.9936868686868687
0.6138845553822153,0.9936868686868687
0.6143637782982045,0.9936868686868687
0.61484375,0.9936868686868687
0.6153244722439406,0.9936868686868687
0.6158059467918623,0.9936868686868687
0.6162881754111198,0.9936868686868687
0.6167711598746082,0.9936868686868687
0.6172549019607844,0.9936868686868687
0.6177394034536892,0.9936868686868687
0.6182246661429693,0.9936868686868687
0.6187106918238994,0.9936868686868687
0.6191974822974036,0.9936868686868687
0.6196850393700788,0.9936868686868687
0.6201733648542159,0.9936868686868687
0.6206624605678234,0.9936868686868687
0.6211523283346487,0.9936868686868687
0.6216429699842022,0.9936868686868687
0.6221343873517786,0.9936868686868687
0.6218354430379747,0.9924242424242424
0.6223277909738717,0.9924242424242424
0.6228209191759112,0.9924242424242424
0.6233148295003965,0.9924242424242424
0.6238095238095238,0.9924242424242424
0.6243050039714059,0.9924242424242424
0.6248012718600954,0.9924242424242424
0.6252983293556086,0.9924242424242424
0.6257961783439491,0.9924242424242424
0.6262948207171315,0.9924242424242424
0.6267942583732058,0.9924242424242424
0.627294493216281,0.9924242424242424
0.6277955271565495,0.9924242424242424
0.6282973621103117,0.9924242424242424
0.6288,0.9924242424242424
0.6293034427542034,0.9924242424242424
0.6298076923076923,0.9924242424242424
0.6303127506014434,0.9924242424242424
0.6308186195826645,0.9924242424242424
0.6313253012048192,0.9924242424242424
0.6318327974276527,0.9924242424242424
0.6323411102172164,0.9924242424242424
0.6328502415458938,0.9924242424242424
0.6333601933924254,0.9924242424242424
0.6338709677419355,0.9924242424242424
0.6343825665859564,0.9924242424242424
0.6348949919224556,0.9924242424242424
0.635408245755861,0.9924242424242424
0.6359223300970874,0.9924242424242424
0.6364372469635627,0.9924242424242424
0.6369529983792545,0.9924242424242424
0.6374695863746959,0.9924242424242424
0.637987012987013,0.9924242424242424
0.6385052802599512,0.9924242424242424
0.6390243902439025,0.9924242424242424
0.6395443449959316,0.9924242424242424
0.6400651465798045,0.9924242424242424
0.6405867970660146,0.9924242424242424
0.6411092985318108,0.9924242424242424
0.6416326530612245,0.9924242424242424
0.6421568627450981,0.9924242424242424
0.642681929681112,0.9924242424242424
0.6432078559738135,0.9924242424242424
0.6437346437346437,0.9924242424242424
0.6442622950819672,0.9924242424242424
0.6447908121410992,0.9924242424242424
0.645320197044335,0.9924242424242424
0.6458504519309778,0.9924242424242424
0.6463815789473685,0.9924242424242424
0.6469135802469136,0.9924242424242424
0.6474464579901154,0.9924242424242424
0.6479802143446002,0.9924242424242424
0.6485148514851485,0.9924242424242424
0.6490503715937241,0.9924242424242424
0.6495867768595042,0.9924242424242424
0.6501240694789082,0.9924242424242424
0.6506622516556292,0.9924242424242424
0.6512013256006628,0.9924242424242424
0.6517412935323383,0.9924242424242424
0.6522821576763486,0.9924242424242424
0.6528239202657807,0.9924242424242424
0.6533665835411472,0.9924242424242424
0.653910149750416,0.9924242424242424
0.6544546211490425,0.9924242424242424
0.655,0.9924242424242424
0.6555462885738115,0.9924242424242424
0.656093489148581,0.9924242424242424
0.656641604010025,0.9924242424242424
0.657190635451505,0.9924242424242424
0.6577405857740586,0.9924242424242424
0.6582914572864321,0.9924242424242424
0.6588432523051132,0.9924242424242424
0.6593959731543624,0.9924242424242424
0.6599496221662469,0.9924242424242424
0.6605042016806723,0.9924242424242424
0.6610597140454163,0.9924242424242424
0.6616161616161617,0.9924242424242424
0.6621735467565291,0.9924242424242424
0.6627318718381113,0.9924242424242424
0.6632911392405063,0.9924242424242424
0.6638513513513513,0.9924242424242424
0.6644125105663568,0.9924242424242424
0.6649746192893401,0.9924242424242424
0.6655376799322608,0.9924242424242424
0.6661016949152543,0.9924242424242424
0.6666666666666666,0.9924242424242424
0.66723259762309,0.9924242424242424
0.6677994902293968,0.9924242424242424
0.6683673469387755,0.9924242424242424
0.668936170212766,0.9924242424242424
0.6695059625212947,0.9924242424242424
0.670076726342711,0.9924242424242424
0.6706484641638225,0.9924242424242424
0.6712211784799317,0.9924242424242424
0.6717948717948717,0.9924242424242424
0.6723695466210436,0.9924242424242424
0.672945205479452,0.9924242424242424
0.6735218508997429,0.9924242424242424
0.6740994854202401,0.9924242424242424
0.6746781115879829,0.9924242424242424
0.6752577319587629,0.9924242424242424
0.6758383490971626,0.9924242424242424
0.6764199655765921,0.9924242424242424
0.6770025839793282,0.9924242424242424
0.6775862068965517,0.9924242424242424
0.6781708369283865,0.9924242424242424
0.6787564766839378,0.9924242424242424
0.6793431287813311,0.9924242424242424
0.6799307958477508,0.9924242424242424
0.6805194805194805,0.9924242424242424
0.6811091854419411,0.9924242424242424
0.6816999132697311,0.9924242424242424
0.6822916666666666,0.9924242424242424
0.6828844483058211,0.9924242424242424
0.6834782608695652,0.9924242424242424
0.6840731070496083,0.9924242424242424
0.6846689895470384,0.9924242424242424
0.6852659110723627,0.9924242424242424
0.6858638743455497,0.9924242424242424
0.6864628820960699,0.9924242424242424
0.6870629370629371,0.9924242424242424
0.6876640419947506,0.9924242424242424
0.6882661996497373,0.9924242424242424
0.6888694127957932,0.9924242424242424
0.6894736842105263,0.9924242424242424
0.6900790166812993,0.9924242424242424
0.6906854130052724,0.9924242424242424
0.6912928759894459,0.9924242424242424
0.6919014084507042,0.9924242424242424
0.6925110132158591,0.9924242424242424
0.6931216931216931,0.9924242424242424
0.6937334510150044,0.9924242424242424
0.6943462897526502,0.9924242424242424
0.6949602122015915,0.9924242424242424
0.695575221238938,0.9924242424242424
0.6961913197519929,0.9924242424242424
0.6968085106382979,0.9924242424242424
0.6974267968056788,0.9924242424242424
0.6980461811722913,0.9924242424242424
0.6986666666666667,0.9924242424242424
0.699288256227758,0.9924242424242424
0.6999109528049866,0.9924242424242424
0.7005347593582888,0.9924242424242424
0.7011596788581623,0.9924242424242424
0.7017857142857142,0.9924242424242424
0.7024128686327078,0.9924242424242424
0.7030411449016101,0.9924242424242424
0.7036705461056401,0.9924242424242424
0.7043010752688172,0.9924242424242424
0.704932735426009,0.9924242424242424
0.7055655296229802,0.9924242424242424
0.706199460916442,0.9924242424242424
0.7068345323741008,0.9924242424242424
0.7074707470747075,0.9924242424242424
0.7081081081081081,0.9924242424242424
0.7087466185752931,0.9924242424242424
0.7093862815884476,0.9924242424242424
0.7100271002710027,0.9924242424242424
0.7106690777576854,0.9924242424242424
0.7113122171945702,0.9924242424242424
0.7119565217391305,0.9924242424242424
0.7126019945602902,0.9924242424242424
0.7132486388384754,0.9924242424242424
0.7138964577656676,0.9924242424242424
0.7145454545454546,0.9924242424242424
0.7151956323930846,0.9924242424242424
0.7158469945355191,0.9924242424242424
0.7164995442114859,0.9924242424242424
0.7171532846715328,0.9924242424242424
0.7178082191780822,0.9924242424242424
0.7184643510054844,0.9924242424242424
0.7191216834400732,0.9924242424242424
0.7197802197802198,0.9924242424242424
0.7204399633363886,0.9924242424242424
0.7211009174311926,0.9924242424242424
0.721763085399449,0.9924242424242424
0.7224264705882353,0.9924242424242424
0.7230910763569457,0.9924242424242424
0.7237569060773481,0.9924242424242424
0.7244239631336405,0.9924242424242424
0.7250922509225092,0.9924242424242424
0.7257617728531855,0.9924242424242424
0.7264325323475046,0.9924242424242424
0.727104532839963,0.9924242424242424
0.7277777777777777,0.9924242424242424
0.7284522706209453,0.9924242424242424
0.7291280148423006,0.9924242424242424
0.7298050139275766,0.9924242424242424
0.7304832713754646,0.9924242424242424
0.7311627906976744,0.9924242424242424
0.7318435754189944,0.9924242424242424
0.7325256290773532,0.9924242424242424
0.7332089552238806,0.9924242424242424
0.7338935574229691,0.9924242424242424
0.7345794392523365,0.9924242424242424
0.735266604303087,0.9924242424242424
0.7359550561797753,0.9924242424242424
0.7366447985004686,0.9924242424242424
0.7373358348968105,0.9924242424242424
0.7380281690140845,0.9924242424242424
0.7387218045112782,0.9924242424242424
0.7394167450611477,0.9924242424242424
0.7401129943502824,0.9924242424242424
0.7408105560791706,0.9924242424242424
0.7415094339622641,0.9924242424242424
0.7422096317280453,0.9924242424242424
0.7429111531190926,0.9924242424242424
0.7436140018921475,0.9924242424242424
0.7443181818181818,0.9924242424242424
0.7450236966824645,0.9924242424242424
0.74573055028463,0.9924242424242424
0.7464387464387464,0.9924242424242424
0.747148288973384,0.9924242424242424
0.7478591817316841,0.9924242424242424
0.7485714285714286,0.9924242424242424
0.7492850333651097,0.9924242424242424
0.75,0.9924242424242424
0.7507163323782235,0.9924242424242424
0.751434034416826,0.9924242424242424
0.7521531100478469,0.9924242424242424
0.7528735632183908,0.9924242424242424
0.7535953978907,0.9924242424242424
0.753358925143954,0.9911616161616161
0.7540826128722382,0.9911616161616161
0.7548076923076923,0.9911616161616161
0.7555341674687199,0.9911616161616161
0.75626204238921,0.9911616161616161
0.7569913211186113,0.9911616161616161
0.7577220077220077,0.9911616161616161
0.7584541062801933,0.9911616161616161
0.7591876208897486,0.9911616161616161
0.7599225556631172,0.9911616161616161
0.7606589147286822,0.9911616161616161
0.7613967022308439,0.9911616161616161
0.7621359223300971,0.9911616161616161
0.7628765792031098,0.9911616161616161
0.7636186770428015,0.9911616161616161
0.7643622200584226,0.9911616161616161
0.7651072124756335,0.9911616161616161
0.7658536585365854,0.9911616161616161
0.7666015625,0.9911616161616161
0.7673509286412512,0.9911616161616161
0.7681017612524462,0.9911616161616161
0.7688540646425074,0.9911616161616161
0.7696078431372549,0.9911616161616161
0.7703631010794897,0.9911616161616161
0.7711198428290766,0.9911616161616161
0.7718780727630286,0.9911616161616161
0.7726377952755905,0.9911616161616161
0.7733990147783252,0.9911616161616161
0.7741617357001972,0.9911616161616161
0.7749259624876604,0.9911616161616161
0.775691699604743,0.9911616161616161
0.7764589515331355,0.9911616161616161
0.7762376237623763,0.98989898989899
0.7770069375619425,0.98989898989899
0.7777777777777778,0.98989898989899
0.7785501489572989,0.98989898989899
0.7793240556660039,0.98989898989899
0.7800995024875622,0.98989898989899
0.7808764940239044,0.98989898989899
0.7816550348953141,0.98989898989899
0.782435129740519,0.98989898989899
0.7832167832167832,0.98989898989899
0.784,0.98989898989899
0.7847847847847848,0.98989898989899
0.7855711422845691,0.98989898989899
0.7863590772316951,0.98989898989899
0.786144578313253,0.9886363636363636
0.7869346733668342,0.9886363636363636
0.7877263581488934,0.9886363636363636
0.7885196374622356,0.9886363636363636
0.7893145161290323,0.9886363636363636
0.7901109989909183,0.9886363636363636
0.7909090909090909,0.9886363636363636
0.7917087967644085,0.9886363636363636
0.7925101214574899,0.9886363636363636
0.7933130699088146,0.9886363636363636
0.7941176470588235,0.9886363636363636
0.7949238578680203,0.9886363636363636
0.7957317073170732,0.9886363636363636
0.7965412004069176,0.9886363636363636
0.7973523421588594,0.9886363636363636
0.7981651376146789,0.9886363636363636
0.7989795918367347,0.9886363636363636
0.7997957099080695,0.9886363636363636
0.8006134969325154,0.9886363636363636
0.8014329580348004,0.9886363636363636
0.8022540983606558,0.9886363636363636
0.803076923076923,0.9886363636363636
0.8028747433264887,0.9873737373737373
0.8036998972250771,0.9873737373737373
0.8045267489711934,0.9873737373737373
0.8053553038105047,0.9873737373737373
0.8061855670103093,0.9873737373737373
0.8070175438596491,0.9873737373737373
0.8078512396694215,0.9873737373737373
0.8086866597724922,0.9873737373737373
0.8095238095238095,0.9873737373737373
0.8103626943005181,0.9873737373737373
0.8112033195020747,0.9873737373737373
0.8120456905503635,0.9873737373737373
0.8128898128898129,0.9873737373737373
0.813735691987513,0.9873737373737373
0.8145833333333333,0.9873737373737373
0.8154327424400417,0.9873737373737373
0.8162839248434238,0.9873737373737373
0.8171368861024033,0.9873737373737373
0.8179916317991632,0.9873737373737373
0.818848167539267,0.9873737373737373
0.8197064989517819,0.9873737373737373
0.8205666316894019,0.9873737373737373
0.8214285714285714,0.9873737373737373
0.8222923238696109,0.9873737373737373
0.8231578947368421,0.9873737373737373
0.8229715489989463,0.9861111111111112
0.8238396624472574,0.9861111111111112
0.8247096092925026,0.9861111111111112
0.8255813953488372,0.9861111111111112
0.8264550264550264,0.9861111111111112
0.8273305084745762,0.9861111111111112
0.8282078472958643,0.9861111111111112
0.8290870488322718,0.9861111111111112
0.8299681190223167,0.9861111111111112
0.8308510638297872,0.9861111111111112
0.8317358892438764,0.9861111111111112
0.8315565031982942,0.9848484848484849
0.8324439701173959,0.9848484848484849
0.8333333333333334,0.9848484848484849
0.8342245989304813,0.9848484848484849
0.8351177730192719,0.9848484848484849
0.8360128617363344,0.9848484848484849
0.8369098712446352,0.9848484848484849
0.8378088077336198,0.9848484848484849
0.8387096774193549,0.9848484848484849
0.8396124865446717,0.9848484848484849
0.8394396551724138,0.9835858585858586
0.8403451995685005,0.9835858585858586
0.8412526997840173,0.9835858585858586
0.841081081081081,0.9823232323232324
0.841991341991342,0.9823232323232324
0.8429035752979415,0.9823232323232324
0.8438177874186551,0.9823232323232324
0.8447339847991314,0.9823232323232324
0.8456521739130435,0.9823232323232324
0.8465723612622416,0.9823232323232324
0.8474945533769063,0.9823232323232324
0.8484187568157033,0.9823232323232324
0.8482532751091703,0.9810606060606061
0.8491803278688524,0.9810606060606061
0.850109409190372,0.9810606060606061
0.8510405257393209,0.9810606060606061
0.8519736842105263,0.9810606060606061
0.8529088913282108,0.9810606060606061
0.8538461538461538,0.9810606060606061
0.8547854785478548,0.9810606060606061
0.8557268722466961,0.9810606060606061
0.856670341786108,0.9810606060606061
0.8565121412803532,0.9797979797979798
0.8574585635359117,0.9797979797979798
0.8584070796460177,0.9797979797979798
0.8593576965669989,0.9797979797979798
0.8603104212860311,0.9797979797979798
0.8612652608213096,0.9797979797979798
0.8611111111111112,0.9785353535353535
0.8620689655172413,0.9785353535353535
0.8630289532293987,0.9785353535353535
0.8639910813823858,0.9785353535353535
0.8649553571428571,0.9785353535353535
0.8659217877094972,0.9785353535353535
0.8668903803131991,0.9785353535353535
0.8678611422172452,0.9785353535353535
0.8688340807174888,0.9785353535353535
0.8698092031425365,0.9785353535353535
0.8707865168539326,0.9785353535353535
0.8717660292463442,0.9785353535353535
0.8727477477477478,0.9785353535353535
0.8737316798196166,0.9785353535353535
0.873589164785553,0.9772727272727273
0.8745762711864407,0.9772727272727273
0.8755656108597285,0.9772727272727273
0.8765571913929785,0.9772727272727273
0.8775510204081632,0.9772727272727273
0.8785471055618616,0.9772727272727273
0.8795454545454545,0.9772727272727273
0.8805460750853242,0.9772727272727273
0.8815489749430524,0.9772727272727273
0.8814139110604333,0.976010101010101
0.8812785388127854,0.9747474747474747
0.8811428571428571,0.9734848484848485
0.8810068649885584,0.9722222222222222
0.8808705612829324,0.9709595959595959
0.8807339449541285,0.9696969696969697
0.8805970149253731,0.9684343434343434
0.8816091954022989,0.9684343434343434
0.8826237054085155,0.9684343434343434
0.8836405529953917,0.9684343434343434
0.8835063437139562,0.9671717171717171
0.8833718244803695,0.9659090909090909
0.8832369942196532,0.9646464646464646
0.8842592592592593,0.9646464646464646
0.884125144843569,0.9633838383838383
0.8851508120649652,0.9633838383838383
0.8850174216027874,0.9621212121212122
0.8848837209302326,0.9608585858585859
0.8859138533178114,0.9608585858585859
0.8857808857808858,0.9595959595959596
0.8856476079346558,0.9583333333333334
0.8866822429906542,0.9583333333333334
0.887719298245614,0.9583333333333334
0.8875878220140515,0.9570707070707071
0.8874560375146542,0.9558080808080808
0.8884976525821596,0.9558080808080808
0.8883666274970623,0.9545454545454546
0.888235294117647,0.9532828282828283
0.889281507656066,0.9532828282828283
0.8891509433962265,0.952020202020202
0.8902007083825265,0.952020202020202
0.8912529550827423,0.952020202020202
0.8911242603550296,0.9507575757575758
0.8909952606635071,0.9494949494949495
0.8908659549228944,0.9482323232323232
0.8919239904988123,0.9482323232323232
0.8929845422116528,0.9482323232323232
0.8928571428571429,0.946969696969697
0.8927294398092968,0.9457070707070707
0.8926014319809069,0.9444444444444444
0.8924731182795699,0.9431818181818182
0.8923444976076556,0.9419191919191919
0.8934131736526946,0.9419191919191919
0.8932853717026379,0.9406565656565656
0.8943577430972389,0.9406565656565656
0.8942307692307693,0.9393939393939394
0.8953068592057761,0.9393939393939394
0.8951807228915662,0.9381313131313131
0.8950542822677925,0.9368686868686869
0.8961352657004831,0.9368686868686869
0.8960096735187424,0.9356060606060606
0.8958837772397095,0.9343434343434344
0.896969696969697,0.9343434343434344
0.8968446601941747,0.9330808080808081
0.8967193195625759,0.9318181818181818
0.8965936739659367,0.9305555555555556
0.8964677222898904,0.9292929292929293
0.8963414634146342,0.928030303030303
0.8962148962148963,0.9267676767676768
0.8973105134474327,0.9267676767676768
0.8971848225214198,0.9255050505050505
0.8970588235294118,0.9242424242424242
0.8969325153374234,0.922979797979798
0.8968058968058968,0.9217171717171717
0.8966789667896679,0.9204545454545454
0.896551724137931,0.9191919191919192
0.8976572133168927,0.9191919191919192
0.8987654320987655,0.9191919191919192
0.8986402966625463,0.9179292929292929
0.8985148514851485,0.9166666666666666
0.8983890954151177,0.9154040404040404
0.8995037220843672,0.9154040404040404
0.8993788819875776,0.9141414141414141
0.900497512437811,0.9141414141414141
0.900373599003736,0.9128787878787878
0.9014962593516209,0.9128787878787878
0.9013732833957553,0.9116161616161617
0.90125,0.9103535353535354
0.9023779724655819,0.9103535353535354
0.9022556390977443,0.9090909090909091
0.9021329987452948,0.9078282828282829
0.9020100502512562,0.9065656565656566
0.9018867924528302,0.9053030303030303
0.9017632241813602,0.9040404040404041
0.9016393442622951,0.9027777777777778
0.9027777777777778,0.9027777777777778
0.9026548672566371,0.9015151515151515
0.9025316455696203,0.9002525252525253
0.9024081115335868,0.898989898989899
0.9022842639593909,0.8977272727272727
0.9021601016518425,0.8964646464646465
0.9020356234096693,0.8952020202020202
0.9019108280254777,0.8939393939393939
0.9017857142857143,0.8926767676767676
0.9016602809706258,0.8914141414141414
0.90153452685422,0.8901515151515151
0.9014084507042254,0.8888888888888888
0.9025641025641026,0.8888888888888888
0.9037227214377407,0.8888888888888888
0.903598971722365,0.8876262626262627
0.9047619047619048,0.8876262626262627
0.904639175257732,0.8863636363636364
0.9045161290322581,0.88510101010101
0.9043927648578811,0.8838383838383839
0.9055627425614489,0.8838383838383839
0.905440414507772,0.8825757575757576
0.9053177691309987,0.8813131313131313
0.9051948051948052,0.8800505050505051
0.9050715214564369,0.8787878787878788
0.90625,0.8787878787878788
0.9061277705345502,0.8775252525252525
0.9060052219321149,0.8762626262626263
0.9058823529411765,0.875
0.9057591623036649,0.8737373737373737
0.9056356487549148,0.8724747474747475
0.905511811023622,0.8712121212121212
0.9053876478318003,0.8699494949494949
0.9052631578947369,0.8686868686868687
0.9064558629776021,0.8686868686868687
0.9063324538258575,0.8674242424242424
0.9075297225891678,0.8674242424242424
0.9074074074074074,0.8661616161616161
0.9072847682119205,0.86489898989899
0.9071618037135278,0.8636363636363636
0.9070385126162018,0.8623737373737373
0.9082446808510638,0.8623737373737373
0.9094540612516645,0.8623737373737373
0.9106666666666666,0.8623737373737373
0.910547396528705,0.8611111111111112
0.910427807486631,0.8598484848484849
0.9103078982597055,0.8585858585858586
0.9101876675603218,0.8573232323232324
0.9100671140939597,0.8560606060606061
0.9099462365591398,0.8547979797979798
0.9098250336473755,0.8535353535353535
0.9097035040431267,0.8522727272727273
0.9095816464237517,0.851010101010101
0.9094594594594595,0.8497474747474747
0.9093369418132612,0.8484848484848485
0.9092140921409214,0.8472222222222222
0.9090909090909091,0.8459595959595959
0.9103260869565217,0.8459595959595959
0.9102040816326531,0.8446969696969697
0.9100817438692098,0.8434343434343434
0.9099590723055935,0.8421717171717171
0.9098360655737705,0.8409090909090909
0.9097127222982216,0.8396464646464646
0.9095890410958904,0.8383838383838383
0.9094650205761317,0.8371212121212122
0.9107142857142857,0.8371212121212122
0.9119669876203577,0.8371212121212122
0.9118457300275482,0.8358585858585859
0.9117241379310345,0.8345959595959596
0.9116022099447514,0.8333333333333334
0.9128630705394191,0.8333333333333334
0.9127423822714681,0.8320707070707071
0.912621359223301,0.8308080808080808
0.9125,0.8295454545454546
0.913769123783032,0.8295454545454546
0.9136490250696379,0.8282828282828283
0.9135285913528591,0.827020202020202
0.9134078212290503,0.8257575757575758
0.9146853146853147,0.8257575757575758
0.9145658263305322,0.8244949494949495
0.9158485273492286,0.8244949494949495
0.9157303370786517,0.8232323232323232
0.9170182841068917,0.8232323232323232
0.9183098591549296,0.8232323232323232
0.918194640338505,0.821969696969697
0.9194915254237288,0.821969696969697
0.9207920792079208,0.821969696969697
0.9206798866855525,0.8207070707070707
0.9205673758865248,0.8194444444444444
0.9204545454545454,0.8181818181818182
0.9203413940256046,0.8169191919191919
0.9202279202279202,0.8156565656565656
0.920114122681883,0.8143939393939394
0.92,0.8131313131313131
0.9198855507868383,0.8118686868686869
0.9197707736389685,0.8106060606060606
0.9196556671449068,0.8093434343434344
0.9195402298850575,0.8080808080808081
0.9194244604316547,0.8068181818181818
0.920749279538905,0.8068181818181818
0.9206349206349206,0.8055555555555556
0.9205202312138728,0.8042929292929293
0.9204052098408104,0.803030303030303
0.9202898550724637,0.8017676767676768
0.9201741654571843,0.8005050505050505
0.9200581395348837,0.7992424242424242
0.9199417758369723,0.797979797979798
0.9198250728862973,0.7967171717171717
0.9197080291970803,0.7954545454545454
0.9195906432748538,0.7941919191919192
0.9194729136163983,0.7929292929292929
0.9193548387096774,0.7916666666666666
0.9192364170337739,0.7904040404040404
0.9191176470588235,0.7891414141414141
0.9189985272459499,0.7878787878787878
0.9188790560471977,0.7866161616161617
0.9202363367799113,0.7866161616161617
0.9201183431952663,0.7853535353535354
0.92,0.7840909090909091
0.9198813056379822,0.7828282828282829
0.9197622585438335,0.7815656565656566
0.9196428571428571,0.7803030303030303
0.9195230998509687,0.7790404040404041
0.9208955223880597,0.7790404040404041
0.9207772795216741,0.7777777777777778
0.9206586826347305,0.7765151515151515
0.9205397301349325,0.7752525252525253
0.9204204204204204,0.773989898989899
0.9203007518796993,0.7727272727272727
0.9201807228915663,0.7714646464646465
0.9200603318250377,0.7702020202020202
0.9214501510574018,0.7702020202020202
0.9213313161875946,0.7689393939393939
0.9212121212121213,0.7676767676767676
0.9226100151745068,0.7676767676767676
0.9224924012158054,0.7664141414141414
0.9223744292237442,0.7651515151515151
0.9222560975609756,0.7638888888888888
0.9221374045801527,0.7626262626262627
0.9235474006116208,0.7626262626262627
0.9234303215926493,0.7613636363636364
0.9233128834355828,0.76010101010101
0.9231950844854071,0.7588383838383839
0.9246153846153846,0.7588383838383839
0.926040061633282,0.7588383838383839
0.9259259259259259,0.7575757575757576
0.9258114374034003,0.7563131313131313
0.9256965944272446,0.7550505050505051
0.9271317829457364,0.7550505050505051
0.9270186335403726,0.7537878787878788
0.926905132192846,0.7525252525252525
0.926791277258567,0.7512626262626263
0.9266770670826833,0.75
0.9265625,0.7487373737373737
0.9280125195618153,0.7487373737373737
0.9278996865203761,0.7474747474747475
0.9277864992150706,0.7462121212121212
0.9292452830188679,0.7462121212121212
0.9291338582677166,0.7449494949494949
0.9290220820189274,0.7436868686868687
0.9289099526066351,0.7424242424242424
0.9287974683544303,0.7411616161616161
0.9286846275752774,0.73989898989899
0.9285714285714286,0.7386363636363636
0.9284578696343402,0.7373737373737373
0.928343949044586,0.7361111111111112
0.9282296650717703,0.7348484848484849
0.9281150159744409,0.7335858585858586
0.928,0.7323232323232324
0.9278846153846154,0.7310606060606061
0.92776886035313,0.7297979797979798
0.9292604501607717,0.7297979797979798
0.92914653784219,0.7285353535353535
0.9290322580645162,0.7272727272727273
0.9289176090468497,0.726010101010101
0.9288025889967637,0.7247474747474747
0.9303079416531604,0.7247474747474747
0.9318181818181818,0.7247474747474747
0.9317073170731708,0.7234848484848485
0.9315960912052117,0.7222222222222222
0.9314845024469821,0.7209595959595959
0.9313725490196079,0.7196969696969697
0.9312602291325696,0.7184343434343434
0.9311475409836065,0.7171717171717171
0.9310344827586207,0.7159090909090909
0.930921052631579,0.7146464646464646
0.9308072487644151,0.7133838383838383
0.9306930693069307,0.7121212121212122
0.9305785123966942,0.7108585858585859
0.9304635761589404,0.7095959595959596
0.9303482587064676,0.7083333333333334
0.9302325581395349,0.7070707070707071
0.930116472545757,0.7058080808080808
0.9316666666666666,0.7058080808080808
0.9315525876460768,0.7045454545454546
0.9331103678929766,0.7045454545454546
0.932998324958124,0.7032828282828283
0.9328859060402684,0.702020202020202
0.9327731092436975,0.7007575757575758
0.9326599326599326,0.6994949494949495
0.9342327150084317,0.6994949494949495
0.9341216216216216,0.6982323232323232
0.934010152284264,0.696969696969697
0.9338983050847458,0.6957070707070707
0.933786078098472,0.6944444444444444
0.9336734693877551,0.6931818181818182
0.9335604770017035,0.6919191919191919
0.9334470989761092,0.6906565656565656
0.9333333333333333,0.6893939393939394
0.934931506849315,0.6893939393939394
0.934819897084048,0.6881313131313131
0.9347079037800687,0.6868686868686869
0.9345955249569707,0.6856060606060606
0.9344827586206896,0.6843434343434344
0.9343696027633851,0.6830808080808081
0.9342560553633218,0.6818181818181818
0.9341421143847487,0.6805555555555556
0.9340277777777778,0.6792929292929293
0.9339130434782609,0.678030303030303
0.9355400696864111,0.678030303030303
0.9354275741710296,0.6767676767676768
0.9353146853146853,0.6755050505050505
0.9352014010507881,0.6742424242424242
0.9350877192982456,0.672979797979798
0.9349736379613357,0.6717171717171717
0.9348591549295775,0.6704545454545454
0.9347442680776014,0.6691919191919192
0.9346289752650176,0.6679292929292929
0.9362831858407079,0.6679292929292929
0.9361702127659575,0.6666666666666666
0.9360568383658969,0.6654040404040404
0.9359430604982206,0.6641414141414141
0.9358288770053476,0.6628787878787878
0.9357142857142857,0.6616161616161617
0.9373881932021467,0.6616161616161617
0.9372759856630825,0.6603535353535354
0.9371633752244165,0.6590909090909091
0.9388489208633094,0.6590909090909091
0.9387387387387387,0.6578282828282829
0.9386281588447654,0.6565656565656566
0.9385171790235082,0.6553030303030303
0.9384057971014492,0.6540404040404041
0.9382940108892922,0.6527777777777778
0.94,0.6527777777777778
0.9398907103825137,0.6515151515151515
0.9397810218978102,0.6502525252525253
0.9396709323583181,0.648989898989899
0.9395604395604396,0.6477272727272727
0.9394495412844037,0.6464646464646465
0.9393382352941176,0.6452020202020202
0.9392265193370166,0.6439393939393939
0.9391143911439115,0.6426767676767676
0.9390018484288355,0.6414141414141414
0.9388888888888889,0.6401515151515151
0.9387755102040817,0.6388888888888888
0.9386617100371747,0.6376262626262627
0.9385474860335196,0.6363636363636364
0.9402985074626866,0.6363636363636364
0.9401869158878504,0.63510101010101
0.9400749063670412,0.6338383838383839
0.9399624765478424,0.6325757575757576
0.9398496240601504,0.6313131313131313
0.9397363465160076,0.6300505050505051
0.939622641509434,0.6287878787878788
0.9395085066162571,0.6275252525252525
0.9393939393939394,0.6262626262626263
0.9392789373814042,0.625
0.9391634980988594,0.6237373737373737
0.939047619047619,0.6224747474747475
0.9389312977099237,0.6212121212121212
0.9388145315487572,0.6199494949494949
0.9386973180076629,0.6186868686868687
0.9385796545105566,0.6174242424242424
0.9384615384615385,0.6161616161616161
0.9402697495183044,0.6161616161616161
0.9401544401544402,0.61489898989899
0.9400386847195358,0.6136363636363636
0.939922480620155,0.6123737373737373
0.9398058252427185,0.6111111111111112
0.9396887159533074,0.6098484848484849
0.9395711500974658,0.6085858585858586
0.939453125,0.6073232323232324
0.9393346379647749,0.6060606060606061
0.9411764705882353,0.6060606060606061
0.9410609037328095,0.6047979797979798
0.9409448818897638,0.6035353535353535
0.9408284023668639,0.6022727272727273
0.9407114624505929,0.601010101010101
0.9425742574257425,0.601010101010101
0.9424603174603174,0.5997474747474747
0.9423459244532804,0.5984848484848485
0.9422310756972112,0.5972222222222222
0.9421157684630739,0.5959595959595959
0.942,0.5946969696969697
0.9418837675350702,0.5934343434343434
0.9417670682730924,0.5921717171717171
0.9416498993963782,0.5909090909090909
0.9415322580645161,0.5896464646464646
0.9414141414141414,0.5883838383838383
0.9412955465587044,0.5871212121212122
0.9411764705882353,0.5858585858585859
0.9410569105691057,0.5845959595959596
0.9409368635437881,0.5833333333333334
0.9408163265306122,0.5820707070707071
0.9406952965235174,0.5808080808080808
0.9405737704918032,0.5795454545454546
0.9404517453798767,0.5782828282828283
0.9403292181069959,0.577020202020202
0.9402061855670103,0.5757575757575758
0.9400826446280992,0.5744949494949495
0.9420289855072463,0.5744949494949495
0.941908713692946,0.5732323232323232
0.9417879417879418,0.571969696969697
0.9416666666666667,0.5707070707070707
0.941544885177453,0.5694444444444444
0.9414225941422594,0.5681818181818182
0.9412997903563941,0.5669191919191919
0.9411764705882353,0.5656565656565656
0.9431578947368421,0.5656565656565656
0.9430379746835443,0.5643939393939394
0.9429175475687104,0.5631313131313131
0.9427966101694916,0.5618686868686869
0.9426751592356688,0.5606060606060606
0.9425531914893617,0.5593434343434344
0.9424307036247335,0.5580808080808081
0.9423076923076923,0.5568181818181818
0.9421841541755889,0.5555555555555556
0.9420600858369099,0.5542929292929293
0.9419354838709677,0.553030303030303
0.9418103448275862,0.5517676767676768
0.9416846652267818,0.5505050505050505
0.9415584415584416,0.5492424242424242
0.9414316702819957,0.547979797979798
0.941304347826087,0.5467171717171717
0.9411764705882353,0.5454545454545454
0.9410480349344978,0.5441919191919192
0.9409190371991247,0.5429292929292929
0.9407894736842105,0.5416666666666666
0.9406593406593406,0.5404040404040404
0.9405286343612335,0.5391414141414141
0.9403973509933775,0.5378787878787878
0.9402654867256637,0.5366161616161617
0.9401330376940134,0.5353535353535354
0.9422222222222222,0.5353535353535354
0.9420935412026726,0.5340909090909091
0.9419642857142857,0.5328282828282829
0.941834451901566,0.5315656565656566
0.9417040358744395,0.5303030303030303
0.9415730337078652,0.5290404040404041
0.9414414414414415,0.5277777777777778
0.9413092550790068,0.5265151515151515
0.9411764705882353,0.5252525252525253
0.9410430839002267,0.523989898989899
0.9409090909090909,0.5227272727272727
0.9407744874715261,0.5214646464646465
0.9406392694063926,0.5202020202020202
0.9405034324942791,0.5189393939393939
0.9403669724770642,0.5176767676767676
0.9402298850574713,0.5164141414141414
0.9400921658986175,0.5151515151515151
0.9399538106235565,0.5138888888888888
0.9398148148148148,0.5126262626262627
0.9396751740139211,0.5113636363636364
0.9395348837209302,0.51010101010101
0.9393939393939394,0.5088383838383839
0.9392523364485982,0.5075757575757576
0.9391100702576113,0.5063131313131313
0.9389671361502347,0.5050505050505051
0.9388235294117647,0.5037878787878788
0.9386792452830188,0.5025252525252525
0.9385342789598109,0.5012626262626263
0.9383886255924171,0.5
0.9382422802850356,0.49873737373737376
0.9380952380952381,0.49747474747474746
0.9379474940334129,0.4962121212121212
0.9401913875598086,0.4962121212121212
0.9400479616306955,0.494949494949495
0.9399038461538461,0.4936868686868687
0.9397590361445783,0.49242424242424243
0.9396135265700483,0.4911616161616162
0.9394673123486683,0.4898989898989899
0.9393203883495146,0.48863636363636365
0.9391727493917275,0.48737373737373735
0.9390243902439024,0.4861111111111111
0.9388753056234719,0.48484848484848486
0.9387254901960784,0.48358585858585856
0.9385749385749386,0.4823232323232323
0.9384236453201971,0.4810606060606061
0.9382716049382716,0.4797979797979798
0.9381188118811881,0.47853535353535354
0.9379652605459057,0.4772727272727273
0.9378109452736318,0.476010101010101
0.9376558603491272,0.47474747474747475
0.9375,0.4734848484848485
0.9373433583959899,0.4722222222222222
0.9371859296482412,0.47095959595959597
0.9370277078085643,0.4696969696969697
0.9368686868686869,0.4684343434343434
0.9367088607594937,0.4671717171717172
0.9365482233502538,0.4659090909090909
0.9363867684478372,0.46464646464646464
0.9362244897959183,0.4633838383838384
0.9360613810741688,0.4621212121212121
0.9384615384615385,0.4621212121212121
0.9383033419023136,0.46085858585858586
0.9381443298969072,0.4595959595959596
0.937984496124031,0.4583333333333333
0.9378238341968912,0.45707070707070707
0.9376623376623376,0.45580808080808083
0.9375,0.45454545454545453
0.9373368146214099,0.4532828282828283
0.93717277486911,0.45202020202020204
0.937007874015748,0.45075757575757575
0.9368421052631579,0.4494949494949495
0.9366754617414248,0.44823232323232326
0.9365079365079365,0.44696969696969696
0.9363395225464191,0.4457070707070707
0.9361702127659575,0.4444444444444444
0.936,0.4431818181818182
0.9358288770053476,0.44191919191919193
0.935656836461126,0.44065656565656564
0.9354838709677419,0.4393939393939394
0.9353099730458221,0.43813131313131315
0.9351351351351351,0.43686868686868685
0.9349593495934959,0.4356060606060606
0.9347826086956522,0.43434343434343436
0.9346049046321526,0.43308080808080807
0.9344262295081968,0.4318181818181818
0.9342465753424658,0.4305555555555556
0.9340659340659341,0.4292929292929293
0.9338842975206612,0.42803030303030304
0.9337016574585635,0.42676767676767674
0.9335180055401662,0.4255050505050505
0.9333333333333333,0.42424242424242425
0.9331476323119777,0.42297979797979796
0.9329608938547486,0.4217171717171717
0.9327731092436975,0.42045454545454547
0.9325842696629213,0.41919191919191917
0.9323943661971831,0.41792929292929293
0.9322033898305084,0.4166666666666667
0.9320113314447592,0.4154040404040404
0.9318181818181818,0.41414141414141414
0.9316239316239316,0.4128787878787879
0.9314285714285714,0.4116161616161616
0.9312320916905444,0.41035353535353536
0.9310344827586207,0.4090909090909091
0.930835734870317,0.4078282828282828
0.9335260115606936,0.4078282828282828
0.9333333333333333,0.4065656565656566
0.9331395348837209,0.4053030303030303
0.9358600583090378,0.4053030303030303
0.935672514619883,0.40404040404040403
0.9354838709677419,0.4027777777777778
0.9352941176470588,0.4015151515151515
0.9351032448377581,0.40025252525252525
0.9349112426035503,0.398989898989899
0.9347181008902077,0.3977272727272727
0.9345238095238095,0.39646464646464646
0.9343283582089552,0.3952020202020202
0.9341317365269461,0.3939393939393939
0.933933933933934,0.3926767676767677
0.9337349397590361,0.39141414141414144
0.9335347432024169,0.39015151515151514
0.9363636363636364,0.39015151515151514
0.9361702127659575,0.3888888888888889
0.9359756097560976,0.38762626262626265
0.9357798165137615,0.38636363636363635
0.9355828220858896,0.3851010101010101
0.9353846153846154,0.3838383838383838
0.9351851851851852,0.38257575757575757
0.934984520123839,0.3813131313131313
0.9347826086956522,0.380050505050505
0.9345794392523364,0.3787878787878788
0.934375,0.37752525252525254
0.9341692789968652,0.37626262626262624
0.9339622641509434,0.375
0.9337539432176656,0.37373737373737376
0.9335443037974683,0.37247474747474746
0.9333333333333333,0.3712121212121212
0.9331210191082803,0.369949494949495
0.9329073482428115,0.3686868686868687
0.9326923076923077,0.36742424242424243
0.932475884244373,0.3661616161616162
0.932258064516129,0.3648989898989899
0.9320388349514563,0.36363636363636365
0.9318181818181818,0.36237373737373735
0.9315960912052117,0.3611111111111111
0.9313725490196079,0.35984848484848486
0.9311475409836065,0.35858585858585856
0.930921052631579,0.3573232323232323
0.9306930693069307,0.3560606060606061
0.9304635761589404,0.3547979797979798
0.9302325581395349,0.35353535353535354
0.93,0.3522727272727273
0.9297658862876255,0.351010101010101
0.9295302013422819,0.34974747474747475
0.9292929292929293,0.3484848484848485
0.9324324324324325,0.3484848484848485
0.9322033898305084,0.3472222222222222
0.9319727891156463,0.34595959595959597
0.931740614334471,0.3446969696969697
0.9315068493150684,0.3434343434343434
0.9312714776632303,0.3421717171717172
0.9310344827586207,0.3409090909090909
0.9307958477508651,0.33964646464646464
0.9305555555555556,0.3383838383838384
0.9303135888501742,0.3371212121212121
0.9300699300699301,0.33585858585858586
0.9298245614035088,0.3345959595959596
0.9295774647887324,0.3333333333333333
0.9328621908127208,0.3333333333333333
0.9326241134751773,0.33207070707070707
0.9323843416370107,0.33080808080808083
0.9321428571428572,0.32954545454545453
0.931899641577061,0.3282828282828283
0.935251798561151,0.3282828282828283
0.9350180505415162,0.32702020202020204
0.9347826086956522,0.32575757575757575
0.9345454545454546,0.3244949494949495
0.9343065693430657,0.32323232323232326
0.9340659340659341,0.32196969696969696
0.9338235294117647,0.3207070707070707
0.933579335793358,0.3194444444444444
0.9333333333333333,0.3181818181818182
0.9330855018587361,0.31691919191919193
0.9365671641791045,0.31691919191919193
0.9363295880149812,0.31565656565656564
0.9360902255639098,0.3143939393939394
0.939622641509434,0.3143939393939394
0.9393939393939394,0.31313131313131315
0.9429657794676806,0.31313131313131315
0.9427480916030534,0.31186868686868685
0.9425287356321839,0.3106060606060606
0.9423076923076923,0.30934343434343436
0.9420849420849421,0.30808080808080807
0.9418604651162791,0.3068181818181818
0.9416342412451362,0.3055555555555556
0.94140625,0.3042929292929293
0.9411764705882353,0.30303030303030304
0.9409448818897638,0.30176767676767674
0.9407114624505929,0.3005050505050505
0.9404761904761905,0.29924242424242425
0.9442231075697212,0.29924242424242425
0.948,0.29924242424242425
0.9477911646586346,0.29797979797979796
0.9475806451612904,0.2967171717171717
0.9473684210526315,0.29545454545454547
0.9471544715447154,0.29419191919191917
0.9469387755102041,0.29292929292929293
0.9508196721311475,0.29292929292929293
0.9506172839506173,0.2916666666666667
0.9504132231404959,0.2904040404040404
0.9543568464730291,0.2904040404040404
0.9541666666666667,0.28914141414141414
0.9539748953974896,0.2878787878787879
0.9537815126050421,0.2866161616161616
0.9535864978902954,0.28535353535353536
0.9533898305084746,0.2840909090909091
0.9531914893617022,0.2828282828282828
0.9529914529914529,0.2815656565656566
0.9527896995708155,0.2803030303030303
0.9525862068965517,0.27904040404040403
0.9523809523809523,0.2777777777777778
0.9521739130434783,0.2765151515151515
0.9519650655021834,0.27525252525252525
0.9517543859649122,0.273989898989899
0.9515418502202643,0.2727272727272727
0.9513274336283186,0.27146464646464646
0.9511111111111111,0.2702020202020202
0.9508928571428571,0.2689393939393939
0.9506726457399103,0.2676767676767677
0.9504504504504504,0.26641414141414144
0.9502262443438914,0.26515151515151514
0.9545454545454546,0.26515151515151514
0.954337899543379,0.2638888888888889
0.9541284403669725,0.26262626262626265
0.9539170506912442,0.26136363636363635
0.9537037037037037,0.2601010101010101
0.9534883720930233,0.2588383838383838
0.9532710280373832,0.25757575757575757
0.9530516431924883,0.2563131313131313
0.9528301886792453,0.255050505050505
0.95260663507109,0.2537878787878788
0.9523809523809523,0.25252525252525254
0.9521531100478469,0.25126262626262624
0.9567307692307693,0.25126262626262624
0.961352657004831,0.25126262626262624
0.9611650485436893,0.25
0.9609756097560975,0.24873737373737373
0.9607843137254902,0.2474747474747475
0.9605911330049262,0.24621212121212122
0.9603960396039604,0.24494949494949494
0.9601990049751243,0.24368686868686867
0.96,0.24242424242424243
0.9597989949748744,0.24116161616161616
0.9595959595959596,0.2398989898989899
0.9593908629441624,0.23863636363636365
0.9591836734693877,0.23737373737373738
0.958974358974359,0.2361111111111111
0.9639175257731959,0.2361111111111111
0.9637305699481865,0.23484848484848486
0.9635416666666666,0.2335858585858586
0.9633507853403142,0.23232323232323232
0.9631578947368421,0.23106060606060605
0.9629629629629629,0.2297979797979798
0.9627659574468085,0.22853535353535354
0.9625668449197861,0.22727272727272727
0.9623655913978495,0.22601010101010102
0.9621621621621622,0.22474747474747475
0.9619565217391305,0.22348484848484848
0.9617486338797814,0.2222222222222222
0.9615384615384616,0.22095959595959597
0.9668508287292817,0.22095959595959597
0.9666666666666667,0.2196969696969697
0.9664804469273743,0.21843434343434343
0.9662921348314607,0.21717171717171718
0.9661016949152542,0.2159090909090909
0.9659090909090909,0.21464646464646464
0.9657142857142857,0.21338383838383837
0.9655172413793104,0.21212121212121213
0.9653179190751445,0.21085858585858586
0.9651162790697675,0.20959595959595959
0.9707602339181286,0.20959595959595959
0.9705882352941176,0.20833333333333334
0.9704142011834319,0.20707070707070707
0.9702380952380952,0.2058080808080808
0.9700598802395209,0.20454545454545456
0.9698795180722891,0.2032828282828283
0.9696969696969697,0.20202020202020202
0.9695121951219512,0.20075757575757575
0.9693251533742331,0.1994949494949495
0.9691358024691358,0.19823232323232323
0.968944099378882,0.19696969696969696
0.975,0.19696969696969696
0.9748427672955975,0.19570707070707072
0.9746835443037974,0.19444444444444445
0.9745222929936306,0.19318181818181818
0.9807692307692307,0.19318181818181818
0.9806451612903225,0.1919191919191919
0.9805194805194806,0.19065656565656566
0.9803921568627451,0.1893939393939394
0.9802631578947368,0.18813131313131312
0.9801324503311258,0.18686868686868688
0.98,0.1856060606060606
0.9798657718120806,0.18434343434343434
0.9797297297297297,0.1830808080808081
0.9795918367346939,0.18181818181818182
0.9794520547945206,0.18055555555555555
0.9793103448275862,0.17929292929292928
0.9791666666666666,0.17803030303030304
0.9790209790209791,0.17676767676767677
0.9788732394366197,0.1755050505050505
0.9787234042553191,0.17424242424242425
0.9785714285714285,0.17297979797979798
0.9856115107913669,0.17297979797979798
0.9855072463768116,0.1717171717171717
0.9854014598540146,0.17045454545454544
0.9852941176470589,0.1691919191919192
0.9851851851851852,0.16792929292929293
0.9850746268656716,0.16666666666666666
0.9849624060150376,0.16540404040404041
0.9848484848484849,0.16414141414141414
0.9847328244274809,0.16287878787878787
0.9846153846153847,0.16161616161616163
0.9844961240310077,0.16035353535353536
0.984375,0.1590909090909091
0.984251968503937,0.15782828282828282
0.9841269841269841,0.15656565656565657
0.984,0.1553030303030303
0.9838709677419355,0.15404040404040403
0.983739837398374,0.1527777777777778
0.9836065573770492,0.15151515151515152
0.9834710743801653,0.15025252525252525
0.9833333333333333,0.14898989898989898
0.9831932773109243,0.14772727272727273
0.9830508474576272,0.14646464646464646
0.9829059829059829,0.1452020202020202
0.9827586206896551,0.14393939393939395
0.9826086956521739,0.14267676767676768
0.9824561403508771,0.1414141414141414
0.9911504424778761,0.1414141414141414
0.9910714285714286,0.14015151515151514
0.990990990990991,0.1388888888888889
0.990909090909091,0.13762626262626262
1.0,0.13762626262626262
1.0,0.13636363636363635
1.0,0.1351010101010101
1.0,0.13383838383838384
1.0,0.13257575757575757
1.0,0.13131313131313133
1.0,0.13005050505050506
1.0,0.12878787878787878
1.0,0.1275252525252525
1.0,0.12626262626262627
1.0,0.125
1.0,0.12373737373737374
1.0,0.12247474747474747
1.0,0.12121212121212122
1.0,0.11994949494949494
1.0,0.11868686868686869
1.0,0.11742424242424243
1.0,0.11616161616161616
1.0,0.1148989898989899
1.0,0.11363636363636363
1.0,0.11237373737373738
1.0,0.1111111111111111
1.0,0.10984848484848485
1.0,0.10858585858585859
1.0,0.10732323232323232
1.0,0.10606060606060606
1.0,0.10479797979797979
1.0,0.10353535353535354
1.0,0.10227272727272728
1.0,0.10101010101010101
1.0,0.09974747474747475
1.0,0.09848484848484848
1.0,0.09722222222222222
1.0,0.09595959595959595
1.0,0.0946969696969697
1.0,0.09343434343434344
1.0,0.09217171717171717
1.0,0.09090909090909091
1.0,0.08964646464646464
1.0,0.08838383838383838
1.0,0.08712121212121213
1.0,0.08585858585858586
1.0,0.0845959595959596
1.0,0.08333333333333333
1.0,0.08207070707070707
1.0,0.08080808080808081
1.0,0.07954545454545454
1.0,0.07828282828282829
1.0,0.07702020202020202
1.0,0.07575757575757576
1.0,0.07449494949494949
1.0,0.07323232323232323
1.0,0.07196969696969698
1.0,0.0707070707070707
1.0,0.06944444444444445
1.0,0.06818181818181818
1.0,0.06691919191919192
1.0,0.06565656565656566
1.0,0.06439393939393939
1.0,0.06313131313131314
1.0,0.06186868686868687
1.0,0.06060606060606061
1.0,0.059343434343434344
1.0,0.05808080808080808
1.0,0.056818181818181816
1.0,0.05555555555555555
1.0,0.054292929292929296
1.0,0.05303030303030303
1.0,0.05176767676767677
1.0,0.050505050505050504
1.0,0.04924242424242424
1.0,0.047979797979797977
1.0,0.04671717171717172
1.0,0.045454545454545456
1.0,0.04419191919191919
1.0,0.04292929292929293
1.0,0.041666666666666664
1.0,0.04040404040404041
1.0,0.039141414141414144
1.0,0.03787878787878788
1.0,0.036616161616161616
1.0,0.03535353535353535
1.0,0.03409090909090909
1.0,0.03282828282828283
1.0,0.03156565656565657
1.0,0.030303030303030304
1.0,0.02904040404040404
1.0,0.027777777777777776
1.0,0.026515151515151516
1.0,0.025252525252525252
1.0,0.023989898989898988
1.0,0.022727272727272728
1.0,0.021464646464646464
1.0,0.020202020202020204
1.0,0.01893939393939394
1.0,0.017676767676767676
1.0,0.016414141414141416
1.0,0.015151515151515152
1.0,0.013888888888888888
1.0,0.012626262626262626
1.0,0.011363636363636364
1.0,0.010101010101010102
1.0,0.008838383838383838
1.0,0.007575757575757576
1.0,0.006313131313131313
1.0,0.005050505050505051
1.0,0.003787878787878788
1.0,0.0025252525252525255
1.0,0.0012626262626262627
1.0,0.0
